"","profile_ID","ID","old_number","First_Author","Year_of_publication","Site_name","Country","Region","Longitude","Latitude","Altitude_masl","Mean_annual_rainfall_mm","Mean_annual_temperature_C","Climate_Köppen","Soil_type","Soil_type_WRB/FAO","Sand","Silt","Clay","Texture","pH","Depth_cm","Layer_deep","Initial_depth","Final_depth","Reference_depth","AFS_description","AFS_classification","AFS_crop_density_ha","AFS_tree_density_ha","Crop_species","Tree_species","Previous_land_use","Experimental_design","AFS_age_yrs","AFS_Stock_t_ha","AFS_SE_t_ha","Tree_Row_Stock_t_ha","Tree_Row_SE_t_ha","Alley_Stock_t_ha","Alley_SE_t_ha","Control_type","Control_Stock_ton_ha","Control_SE_t_ha","Tree_Row_Control_Stock_t_ha","Tree_Row_Control_SE_t_ha","Alley_Control_Stock_t_ha","Alley_Control_SE_t_ha","SOC_Storage_rate_t_ha_yr","SOC_Storage_rate_SE_t_ha_yr","pH_flag","texture_flag","C_stocks_delta_t_ha","C_stocks_delta_procent"
"77","75",77,101,"biffi","2022","Cumbria - Edden Valley","England","Europe",-2.67,54.69,134.8,1091.8,8.84,"Cfb","Cambisol and Stagnosol","Cambisol and Stagnosol",NA,NA,NA,NA,"5.0999999999999996",50,"0-50",0,50,25,"hedgerow","hedgerow",NA,NA,"grass","hawthorn (Crataegus monogyna Jacq. 70%), blackthorn (Prunus spinosa L., 15%),  hazel (Corylus avellana L., 2%), elder (Sambucus nigra L., 1%), holly (Ilex aquifolium L., <1%), and dog-rose (Rosa canina L., <1%).","grassland","synchronic",3,130.8,32.2,NA,NA,NA,NA,"grassland",124.9,12,NA,NA,NA,NA,3.71,5.79,1,0,5.90000000000001,4.72377902321858
"78","75",78,101,"biffi","2022","Cumbria - Edden Valley","England","Europe",-2.67,54.69,134.8,1091.8,8.84,"Cfb","Cambisol and Stagnosol","Cambisol and Stagnosol",NA,NA,NA,NA,"5.2",30,"0-30",0,30,15,"hedgerow","hedgerow",NA,NA,"grass","hawthorn (Crataegus monogyna Jacq. 70%), blackthorn (Prunus spinosa L., 15%),  hazel (Corylus avellana L., 2%), elder (Sambucus nigra L., 1%), holly (Ilex aquifolium L., <1%), and dog-rose (Rosa canina L., <1%).","grassland","synchronic",3,99.4,30,NA,NA,NA,NA,"grassland",97.3,8,NA,NA,NA,NA,2.28,7.6,1,0,2.10000000000001,2.15827338129497
"79","213",79,101,"biffi","2022","Cumbria - Edden Valley","England","Europe",-2.67,54.69,134.8,1091.8,8.84,"Cfb","Cambisol and Stagnosol","Cambisol and Stagnosol",NA,NA,NA,NA,"5.2",50,"0-50",0,50,25,"hedgerow","hedgerow",NA,NA,"grass","hawthorn (Crataegus monogyna Jacq. 70%), blackthorn (Prunus spinosa L., 15%),  hazel (Corylus avellana L., 2%), elder (Sambucus nigra L., 1%), holly (Ilex aquifolium L., <1%), and dog-rose (Rosa canina L., <1%).","grassland","synchronic",10,131.7,19.6,NA,NA,NA,NA,"grassland",124.9,12,NA,NA,NA,NA,2.69,1.44,1,0,6.79999999999998,5.4443554843875
"80","213",80,101,"biffi","2022","Cumbria - Edden Valley","England","Europe",-2.67,54.69,134.8,1091.8,8.84,"Cfb","Cambisol and Stagnosol","Cambisol and Stagnosol",NA,NA,NA,NA,"5.0999999999999996",30,"0-30",0,30,15,"hedgerow","hedgerow",NA,NA,"grass","hawthorn (Crataegus monogyna Jacq. 70%), blackthorn (Prunus spinosa L., 15%),  hazel (Corylus avellana L., 2%), elder (Sambucus nigra L., 1%), holly (Ilex aquifolium L., <1%), and dog-rose (Rosa canina L., <1%).","grassland","synchronic",10,91.1,19.5,NA,NA,NA,NA,"grassland",97.3,8,NA,NA,NA,NA,1.82,2.42,1,0,-6.2,-6.37204522096609
"81","337",81,101,"biffi","2022","Cumbria - Edden Valley","England","Europe",-2.67,54.69,134.8,1091.8,8.84,"Cfb","Cambisol and Stagnosol","Cambisol and Stagnosol",NA,NA,NA,NA,"5.8",50,"0-50",0,50,25,"hedgerow","hedgerow",NA,NA,"grass","hawthorn (Crataegus monogyna Jacq. 70%), blackthorn (Prunus spinosa L., 15%),  hazel (Corylus avellana L., 2%), elder (Sambucus nigra L., 1%), holly (Ilex aquifolium L., <1%), and dog-rose (Rosa canina L., <1%).","grassland","synchronic",37,175.3,26.5,NA,NA,NA,NA,"grassland",124.9,12,NA,NA,NA,NA,1.48,0.74,1,0,50.4,40.3522818254604
"82","337",82,101,"biffi","2022","Cumbria - Edden Valley","England","Europe",-2.67,54.69,134.8,1091.8,8.84,"Cfb","Cambisol and Stagnosol","Cambisol and Stagnosol",NA,NA,NA,NA,"5.6",30,"0-30",0,30,15,"hedgerow","hedgerow",NA,NA,"grass","hawthorn (Crataegus monogyna Jacq. 70%), blackthorn (Prunus spinosa L., 15%),  hazel (Corylus avellana L., 2%), elder (Sambucus nigra L., 1%), holly (Ilex aquifolium L., <1%), and dog-rose (Rosa canina L., <1%).","grassland","synchronic",37,127,21.2,NA,NA,NA,NA,"grassland",97.3,8,NA,NA,NA,NA,1.11,0.58,1,0,29.7,30.5241521068859
"83","347",83,101,"biffi","2022","Cumbria - Edden Valley","England","Europe",-2.67,54.69,134.8,1091.8,8.84,"Cfb","Cambisol and Stagnosol","Cambisol and Stagnosol",NA,NA,NA,NA,"4.8",50,"0-50",0,50,25,"hedgerow","hedgerow",NA,NA,"grass","hawthorn (Crataegus monogyna Jacq. 70%), blackthorn (Prunus spinosa L., 15%),  hazel (Corylus avellana L., 2%), elder (Sambucus nigra L., 1%), holly (Ilex aquifolium L., <1%), and dog-rose (Rosa canina L., <1%).","grassland","synchronic",50,185.7,74,NA,NA,NA,NA,"grassland",124.9,12,NA,NA,NA,NA,1.22,0.84,1,0,60.8,48.6789431545236
"84","347",84,101,"biffi","2022","Cumbria - Edden Valley","England","Europe",-2.67,54.69,134.8,1091.8,8.84,"Cfb","Cambisol and Stagnosol","Cambisol and Stagnosol",NA,NA,NA,NA,"4.8",30,"0-30",0,30,15,"hedgerow","hedgerow",NA,NA,"grass","hawthorn (Crataegus monogyna Jacq. 70%), blackthorn (Prunus spinosa L., 15%),  hazel (Corylus avellana L., 2%), elder (Sambucus nigra L., 1%), holly (Ilex aquifolium L., <1%), and dog-rose (Rosa canina L., <1%).","grassland","synchronic",50,118.7,40.5,NA,NA,NA,NA,"grassland",97.3,8,NA,NA,NA,NA,0.85,0.89,1,0,21.4,21.9938335046249
"289","21",289,133,"wendling","2011","CMM/ Votorantim (Ciaa. Mineira de Metais . Paracatu - Minas Gerais","Brazil","South_America",-46.7333333333333,-17.7,540,1450,24,"Aw","Latossolo Vermelho distrófico","Red Ferralsol",160,230,610,"1000","6.16",10,"0-10",0,10,5,"SASP1: first year - rice","silvoarable",NA,250,"rice","Eucalyptus grandis","forest","diachronic",1,28.056,NA,NA,NA,NA,NA,"SASP0: eucalyptus fallow",29.964,NA,NA,NA,NA,NA,NA,NA,1,1,-1.908,-6.36764116940328
"290","21",290,133,"wendling","2011","CMM/ Votorantim (Ciaa. Mineira de Metais . Paracatu - Minas Gerais","Brazil","South_America",-46.7333333333333,-17.7,540,1450,24,"Aw","Latossolo Vermelho distrófico","Red Ferralsol",150,220,630,"1000","5.68",10,"0-10",0,10,5,"SASP1: first year - rice","silvoarable",NA,250,"rice","Eucalyptus grandis","forest","diachronic",1,27.877,NA,NA,NA,NA,NA,"SASP0: eucalyptus fallow",25.273,NA,NA,NA,NA,NA,NA,NA,1,1,2.604,10.303485933605
"291","50",291,133,"wendling","2011","CMM/ Votorantim (Ciaa. Mineira de Metais . Paracatu - Minas Gerais","Brazil","South_America",-46.7333333333333,-17.7,540,1450,24,"Aw","Latossolo Vermelho distrófico","Red Ferralsol",290,200,510,"1000","6.59",10,"0-10",0,10,5,"SASP2: second year - soy","silvoarable",NA,250,"soy","Eucalyptus grandis","forest","diachronic",2,17.28,NA,NA,NA,NA,NA,"SASP0: eucalyptus fallow",29.964,NA,NA,NA,NA,NA,NA,NA,1,1,-12.684,-42.3307969563476
"292","50",292,133,"wendling","2011","CMM/ Votorantim (Ciaa. Mineira de Metais . Paracatu - Minas Gerais","Brazil","South_America",-46.7333333333333,-17.7,540,1450,24,"Aw","Latossolo Vermelho distrófico","Red Ferralsol",280,150,570,"1000","5.71",10,"0-10",0,10,5,"SASP2: second year - soy","silvoarable",NA,250,"soy","Eucalyptus grandis","forest","diachronic",2,19.641,NA,NA,NA,NA,NA,"SASP0: eucalyptus fallow",25.273,NA,NA,NA,NA,NA,NA,NA,1,1,-5.632,-22.2846516044791
"293","81",293,133,"wendling","2011","CMM/ Votorantim (Ciaa. Mineira de Metais . Paracatu - Minas Gerais","Brazil","South_America",-46.7333333333333,-17.7,540,1450,24,"Aw","Latossolo Vermelho distrófico","Red Ferralsol",230,160,610,"1000","5.99",10,"0-10",0,10,5,"SASP3: pasture +cattle","silvopasture",NA,250,"pasture (Brachiaria briszantha)","Eucalyptus grandis","forest","diachronic",3,18.54,NA,NA,NA,NA,NA,"SASP0: eucalyptus fallow",29.964,NA,NA,NA,NA,NA,NA,NA,1,1,-11.424,-38.1257509010813
"294","81",294,133,"wendling","2011","CMM/ Votorantim (Ciaa. Mineira de Metais . Paracatu - Minas Gerais","Brazil","South_America",-46.7333333333333,-17.7,540,1450,24,"Aw","Latossolo Vermelho distrófico","Red Ferralsol",230,160,610,"1000","6.12",10,"0-10",0,10,5,"SASP3: pasture +cattle","silvopasture",NA,250,"pasture (Brachiaria brizantha)","Eucalyptus grandis","forest","diachronic",3,19.306,NA,NA,NA,NA,NA,"SASP0: eucalyptus fallow",25.273,NA,NA,NA,NA,NA,NA,NA,1,1,-5.967,-23.6101768685949
"295","161",295,133,"wendling","2011","CMM/ Votorantim (Ciaa. Mineira de Metais . Paracatu - Minas Gerais","Brazil","South_America",-46.7333333333333,-17.7,540,1450,24,"Aw","Latossolo Vermelho distrófico","Red Ferralsol",130,170,700,"1000","5.84",10,"0-10",0,10,5,"SASP6: six years - pasture + cattle","silvopasture",NA,250,"pasture (Brachiaria briszantha)+cattle","Eucalyptus grandis","forest","diachronic",6,20.574,NA,NA,NA,NA,NA,"SASP0: eucalyptus fallow",29.964,NA,NA,NA,NA,NA,NA,NA,1,1,-9.39,-31.3376051261514
"296","161",296,133,"wendling","2011","CMM/ Votorantim (Ciaa. Mineira de Metais . Paracatu - Minas Gerais","Brazil","South_America",-46.7333333333333,-17.7,540,1450,24,"Aw","Latossolo Vermelho distrófico","Red Ferralsol",140,160,700,"1000","5.51",10,"0-10",0,10,5,"SASP6: six years - pasture + cattle","silvopasture",NA,250,"pasture (Brachiaria brizantha)+cattle","Eucalyptus grandis","forest","diachronic",6,17.227,NA,NA,NA,NA,NA,"SASP0: eucalyptus fallow",25.273,NA,NA,NA,NA,NA,NA,NA,1,1,-8.046,-31.8363470897796
"297","218",297,133,"wendling","2011","CMM/ Votorantim (Ciaa. Mineira de Metais . Paracatu - Minas Gerais","Brazil","South_America",-46.7333333333333,-17.7,540,1450,24,"Aw","Latossolo Vermelho distrófico","Red Ferralsol",80,190,730,"1000","5.6",10,"0-10",0,10,5,"SASP10: ten years - pasture + cattle","silvopasture",NA,250,"pasture (Brachiaria briszantha)+cattle","Eucalyptus grandis","forest","diachronic",10,22.856,NA,NA,NA,NA,NA,"SASP0: eucalyptus fallow",29.964,NA,NA,NA,NA,NA,NA,NA,1,1,-7.108,-23.7217994927246
"298","218",298,133,"wendling","2011","CMM/ Votorantim (Ciaa. Mineira de Metais . Paracatu - Minas Gerais","Brazil","South_America",-46.7333333333333,-17.7,540,1450,24,"Aw","Latossolo Vermelho distrófico","Red Ferralsol",100,180,720,"1000","5.66",10,"0-10",0,10,5,"SASP10: ten years - pasture + cattle","silvopasture",NA,250,"pasture (Brachiaria briszantha)+cattle","Eucalyptus grandis","forest","diachronic",10,17.899,NA,NA,NA,NA,NA,"SASP0: eucalyptus fallow",25.273,NA,NA,NA,NA,NA,NA,NA,1,1,-7.374,-29.1773829778815
"398","172",398,149,"dahal","2018","Chandanpur . Lalitpur","Nepal","Asia",85.4138944444444,27.4767111111111,1475,NA,NA,"Cwc",NA,NA,NA,NA,NA,"loam","6.1",15,"0-15",0,15,7.5,"Arabica coffe with cereal crops and vegetables","alley cropping",NA,1840,"cereal crops and vegetables","Coffee, (Coffea arabica)","plantation","diachronic",8,10.19,7.92,NA,NA,NA,NA,"Arabica coffe with cereal crops and vegetables (6 years)",6.95,5.12,NA,NA,NA,NA,NA,NA,1,1,3.24,46.6187050359712
"399","173",399,149,"dahal","2018","Chandanpur . Lalitpur","Nepal","Asia",85.4138944444444,27.4767111111111,1475,NA,NA,"Cwc",NA,NA,NA,NA,NA,"loam","6.1",15,"0-15",0,15,7.5,"Arabica coffe with cereal crops and vegetables with biochar","alley cropping",NA,1840,"cereal crops and vegetables","Coffee, (Coffea arabica)","plantation","diachronic",8,12.22,5.18,NA,NA,NA,NA,"Arabica coffe with cereal crops and vegetables with biochar (6 years)",7.57,3.01,NA,NA,NA,NA,NA,NA,1,1,4.65,61.4266842800528
"400","172",400,149,"dahal","2018","Panchkhal . Kavrepalanchok","Nepal","Asia",85.6059222222222,27.6300222222222,1075,NA,NA,"Cwc",NA,NA,NA,NA,NA,"silt loam","5.8",15,"0-15",0,15,7.5,"Arabica coffe with cereal crops and vegetables","alley cropping",NA,2097,"cereal crops and vegetables","Coffee, (Coffea arabica)","plantation","diachronic",8,3.5,1.12,NA,NA,NA,NA,"Arabica coffe with cereal crops and vegetables (6 years)",3.27,1.48,NA,NA,NA,NA,NA,NA,1,1,0.23,7.03363914373089
"401","173",401,149,"dahal","2018","Panchkhal . Kavrepalanchok","Nepal","Asia",85.6059222222222,27.6300222222222,1075,NA,NA,"Cwc",NA,NA,NA,NA,NA,"silt loam","5.8",15,"0-15",0,15,7.5,"Arabica coffe with cereal crops and vegetables with biochar","alley cropping",NA,2097,"cereal crops and vegetables","Coffee, (Coffea arabica)","plantation","diachronic",8,4.58,2.76,NA,NA,NA,NA,"Arabica coffe with cereal crops and vegetables with biochar (6 years)",3.56,2.8,NA,NA,NA,NA,NA,NA,1,1,1.02,28.6516853932584
"402","172",402,149,"dahal","2018","Talamarang . Sindhupalchok","Nepal","Asia",85.5453194444444,27.8544166666667,821,NA,NA,"Cwc",NA,NA,NA,NA,NA,"sandy silt loam","5.2",15,"0-15",0,15,7.5,"Arabica coffe with cereal crops and vegetables","alley cropping",NA,2104,"cereal crops and vegetables","Coffee, (Coffea arabica)","plantation","diachronic",8,6.59,5.07,NA,NA,NA,NA,"Arabica coffe with cereal crops and vegetables (6 years)",6.58,4.23,NA,NA,NA,NA,NA,NA,1,1,0.00999999999999979,0.151975683890574
"403","173",403,149,"dahal","2018","Talamarang . Sindhupalchok","Nepal","Asia",85.5453194444444,27.8544166666667,821,NA,NA,"Cwc",NA,NA,NA,NA,NA,"sandy silt loam","5.2",15,"0-15",0,15,7.5,"Arabica coffe with cereal crops and vegetables with biochar","alley cropping",NA,2104,"cereal crops and vegetables","Coffee, (Coffea arabica)","plantation","diachronic",8,10.47,7.83,NA,NA,NA,NA,"Arabica coffe with cereal crops and vegetables with biochar (6 years)",7.43,6.99,NA,NA,NA,NA,NA,NA,1,1,3.04,40.9152086137281
"800","82",800,1067,"gamble","2020","Empire - Minnesota","United_States","North_America",-93.0975,44.7178,NA,880,6.4,"Dfb","Mesic Aquic Hapludolls (Mollisols)","Kastanozem",NA,NA,NA,"loam","5.5",15,"0-15",0,15,7.5,"Short-rotation woody crops (year 3)","silvopasture",NA,5499,"lowland-ecotype switchgrass (Panicum virgatum L.), prairie cordgrass (Spartina pectinata Bosc ex Link), a mixture of Pioneer Brand ‘54V48’ alfalfa (Medicago sativa L.) and ‘Rush’ intermediate wheatgrass [Thinopyrum intermedium (Host) Barkworth and Dewey ‘Rush’]","‘NM6’ poplar (Populus maximowiczii × P. nigra) and ‘Fish Creek’ willow (Salix purpurea).","cropland","diachronic",3,54.405,NA,NA,NA,NA,NA,"Short-rotation woody crops (year 0)",68.82,NA,NA,NA,NA,NA,NA,NA,1,1,-14.415,-20.945945945946
"801","82",801,1067,"gamble","2020","Empire - Minnesota","United_States","North_America",-93.0975,44.7178,NA,880,6.4,"Dfb","Mesic Aquic Hapludolls (Mollisols)","Kastanozem",NA,NA,NA,"loam","5.5",15,"15-30",15,30,22.5,"Short-rotation woody crops (year 3)","silvopasture",NA,5499,"lowland-ecotype switchgrass (Panicum virgatum L.), prairie cordgrass (Spartina pectinata Bosc ex Link), a mixture of Pioneer Brand ‘54V48’ alfalfa (Medicago sativa L.) and ‘Rush’ intermediate wheatgrass [Thinopyrum intermedium (Host) Barkworth and Dewey ‘Rush’]","‘NM6’ poplar (Populus maximowiczii × P. nigra) and ‘Fish Creek’ willow (Salix purpurea).","cropland","diachronic",3,36.27,NA,NA,NA,NA,NA,"Short-rotation woody crops (year 0)",46.035,NA,NA,NA,NA,NA,NA,NA,1,1,-9.765,-21.2121212121212
"802","82",802,1067,"gamble","2020","Empire - Minnesota","United_States","North_America",-93.0975,44.7178,NA,880,6.4,"Dfb","Mesic Aquic Hapludolls (Mollisols)","Kastanozem",NA,NA,NA,"loam","5.5",30,"30-60",30,60,45,"Short-rotation woody crops (year 3)","silvopasture",NA,5499,"lowland-ecotype switchgrass (Panicum virgatum L.), prairie cordgrass (Spartina pectinata Bosc ex Link), a mixture of Pioneer Brand ‘54V48’ alfalfa (Medicago sativa L.) and ‘Rush’ intermediate wheatgrass [Thinopyrum intermedium (Host) Barkworth and Dewey ‘Rush’]","‘NM6’ poplar (Populus maximowiczii × P. nigra) and ‘Fish Creek’ willow (Salix purpurea).","cropland","diachronic",3,29.295,NA,NA,NA,NA,NA,"Short-rotation woody crops (year 0)",38.595,NA,NA,NA,NA,NA,NA,NA,1,1,-9.3,-24.0963855421687
"803","82",803,1067,"gamble","2020","Granada - Minnesota","United_States","North_America",-94.3465,43.7575,NA,790,7.4,"Dfb","Mesic Cumulic Endoaquolls (Mollisols)","Kastanozem",NA,NA,NA,"silty clay loam","6.4",15,"0-15",0,15,7.5,"Short-rotation woody crops (year 3)","silvopasture",NA,5499,"lowland-ecotype switchgrass (Panicum virgatum L.), prairie cordgrass (Spartina pectinata Bosc ex Link), a mixture of Pioneer Brand ‘54V48’ alfalfa (Medicago sativa L.) and ‘Rush’ intermediate wheatgrass [Thinopyrum intermedium (Host) Barkworth and Dewey ‘Rush’]","‘NM6’ poplar (Populus maximowiczii × P. nigra) and ‘Fish Creek’ willow (Salix purpurea).","cropland","diachronic",3,36.9675,NA,NA,NA,NA,NA,"Short-rotation woody crops (year 0)",38.595,NA,NA,NA,NA,NA,NA,NA,1,1,-1.6275,-4.21686746987951
"804","82",804,1067,"gamble","2020","Granada - Minnesota","United_States","North_America",-94.3465,43.7575,NA,790,7.4,"Dfb","Mesic Cumulic Endoaquolls (Mollisols)","Kastanozem",NA,NA,NA,"silty clay loam","6.4",15,"15-30",15,30,22.5,"Short-rotation woody crops (year 3)","silvopasture",NA,5499,"lowland-ecotype switchgrass (Panicum virgatum L.), prairie cordgrass (Spartina pectinata Bosc ex Link), a mixture of Pioneer Brand ‘54V48’ alfalfa (Medicago sativa L.) and ‘Rush’ intermediate wheatgrass [Thinopyrum intermedium (Host) Barkworth and Dewey ‘Rush’]","‘NM6’ poplar (Populus maximowiczii × P. nigra) and ‘Fish Creek’ willow (Salix purpurea).","cropland","diachronic",3,31.62,NA,NA,NA,NA,NA,"Short-rotation woody crops (year 0)",33.945,NA,NA,NA,NA,NA,NA,NA,1,1,-2.32500000000001,-6.84931506849317
"805","82",805,1067,"gamble","2020","Granada - Minnesota","United_States","North_America",-94.3465,43.7575,NA,790,7.4,"Dfb","Mesic Cumulic Endoaquolls (Mollisols)","Kastanozem",NA,NA,NA,"silty clay loam","6.4",30,"30-60",30,60,45,"Short-rotation woody crops (year 3)","silvopasture",NA,5499,"lowland-ecotype switchgrass (Panicum virgatum L.), prairie cordgrass (Spartina pectinata Bosc ex Link), a mixture of Pioneer Brand ‘54V48’ alfalfa (Medicago sativa L.) and ‘Rush’ intermediate wheatgrass [Thinopyrum intermedium (Host) Barkworth and Dewey ‘Rush’]","‘NM6’ poplar (Populus maximowiczii × P. nigra) and ‘Fish Creek’ willow (Salix purpurea).","cropland","diachronic",3,38.595,NA,NA,NA,NA,NA,"Short-rotation woody crops (year 0)",42.315,NA,NA,NA,NA,NA,NA,NA,1,1,-3.72000000000001,-8.79120879120882
"806","82",806,1067,"gamble","2020","Granada - Minnesota","United_States","North_America",-94.3465,43.7575,NA,790,7.4,"Dfb","Mesic Cumulic Endoaquolls (Mollisols)","Kastanozem",NA,NA,NA,"silty clay loam","6.4",30,"60-90",60,90,75,"Short-rotation woody crops (year 3)","silvopasture",NA,5499,"lowland-ecotype switchgrass (Panicum virgatum L.), prairie cordgrass (Spartina pectinata Bosc ex Link), a mixture of Pioneer Brand ‘54V48’ alfalfa (Medicago sativa L.) and ‘Rush’ intermediate wheatgrass [Thinopyrum intermedium (Host) Barkworth and Dewey ‘Rush’]","‘NM6’ poplar (Populus maximowiczii × P. nigra) and ‘Fish Creek’ willow (Salix purpurea).","cropland","diachronic",3,28.83,NA,NA,NA,NA,NA,"Short-rotation woody crops (year 0)",29.76,NA,NA,NA,NA,NA,NA,NA,1,1,-0.930000000000007,-3.12500000000002
"912","45",912,1096,"kaonga","2009","Kalichero","Zambia","Africa",13.48,-32.45,1001,900,21,"Cwa","Typic kandustalf","Acrisol",640,140,220,"loamy sandy","5",5,"0-5",0,5,2.5,"Non-coppicing improved fallow: Tephosia candida 2972","fallow",NA,NA,"fallow","Tephrosia candida 2972","shrubland","synchronic",2,5.90038314176245,NA,NA,NA,NA,NA,"natural fallow",4.37652385928248,NA,NA,NA,NA,NA,NA,NA,1,1,1.52385928247997,34.8189415041782
"913","45",913,1096,"kaonga","2009","Kalichero","Zambia","Africa",13.48,-32.45,1001,900,21,"Cwa","Typic kandustalf","Acrisol",640,140,220,"loamy sandy","5",5,"5-10",5,10,7.5,"Non-coppicing improved fallow: Tephosia candida 2972","fallow",NA,NA,"fallow","Tephrosia candida 2972","shrubland","synchronic",2,5.74799721351445,NA,NA,NA,NA,NA,"natural fallow",4.22413793103448,NA,NA,NA,NA,NA,NA,NA,1,1,1.52385928247997,36.075036075036
"914","45",914,1096,"kaonga","2009","Kalichero","Zambia","Africa",13.48,-32.45,1001,900,21,"Cwa","Typic kandustalf","Acrisol",640,140,220,"loamy sandy","5",5,"10-15",10,15,12.5,"Non-coppicing improved fallow: Tephosia candida 2972","fallow",NA,NA,"fallow","Tephrosia candida 2972","shrubland","synchronic",2,3.53840125391849,NA,NA,NA,NA,NA,"natural fallow",5.13845350052246,NA,NA,NA,NA,NA,NA,NA,1,1,-1.60005224660397,-31.1387900355872
"915","45",915,1096,"kaonga","2009","Kalichero","Zambia","Africa",13.48,-32.45,1001,900,21,"Cwa","Typic kandustalf","Acrisol",640,140,220,"loamy sandy","5",5,"15-20",15,20,17.5,"Non-coppicing improved fallow: Tephosia candida 2972","fallow",NA,NA,"fallow","Tephrosia candida 2972","shrubland","synchronic",2,3.0050505050505,NA,NA,NA,NA,NA,"natural fallow",5.59561128526645,NA,NA,NA,NA,NA,NA,NA,1,1,-2.59056078021595,-46.2962962962963
"916","45",916,1096,"kaonga","2009","Kalichero","Zambia","Africa",13.48,-32.45,1001,900,21,"Cwa","Typic kandustalf","Acrisol",640,140,220,"loamy sandy","5",5,"20-25",20,25,22.5,"Non-coppicing improved fallow: Tephosia candida 2972","fallow",NA,NA,"fallow","Tephrosia candida 2972","shrubland","synchronic",2,2.8526645768025,NA,NA,NA,NA,NA,"natural fallow",3.1574364332985,NA,NA,NA,NA,NA,NA,NA,1,1,-0.304771856496,-9.65250965250984
"917","45",917,1096,"kaonga","2009","Kalichero","Zambia","Africa",13.48,-32.45,1001,900,21,"Cwa","Typic kandustalf","Acrisol",640,140,220,"loamy sandy","5",15,"25-40",25,40,32.5,"Non-coppicing improved fallow: Tephosia candida 2972","fallow",NA,NA,"fallow","Tephrosia candida 2972","shrubland","synchronic",2,4.98606757227447,NA,NA,NA,NA,NA,"natural fallow",9.10048763497039,NA,NA,NA,NA,NA,NA,NA,1,1,-4.11442006269592,-45.2109845947756
"918","45",918,1096,"kaonga","2009","Kalichero","Zambia","Africa",13.48,-32.45,1001,900,21,"Cwa","Typic kandustalf","Acrisol",640,140,220,"loamy sandy","5",20,"40-60",40,60,50,"Non-coppicing improved fallow: Tephosia candida 2972","fallow",NA,NA,"fallow","Tephrosia candida 2972","shrubland","synchronic",2,3.84317311041449,NA,NA,NA,NA,NA,"natural fallow",9.48145245559039,NA,NA,NA,NA,NA,NA,NA,1,1,-5.6382793451759,-59.4664095146255
"919","45",919,1096,"kaonga","2009","Kalichero","Zambia","Africa",13.48,-32.45,1001,900,21,"Cwa","Typic kandustalf","Acrisol",640,140,220,"loamy sandy","5",40,"60-100",60,100,80,"Non-coppicing improved fallow: Tephosia candida 2972","fallow",NA,NA,"fallow","Tephrosia candida 2972","shrubland","synchronic",2,13.1387147335423,NA,NA,NA,NA,NA,"natural fallow",10.8529258098223,NA,NA,NA,NA,NA,NA,NA,1,1,2.28578892372,21.0614995787705
"920","45",920,1096,"kaonga","2009","Kalichero","Zambia","Africa",13.48,-32.45,1001,900,21,"Cwa","Typic kandustalf","Acrisol",640,140,220,"loamy sandy","5",50,"100-150",100,150,125,"Non-coppicing improved fallow: Tephosia candida 2972","fallow",NA,NA,"fallow","Tephrosia candida 2972","shrubland","synchronic",2,1.78596307906652,NA,NA,NA,NA,NA,"natural fallow",10.7767328456983,NA,NA,NA,NA,NA,NA,NA,1,1,-8.99076976663178,-83.4276018099547
"921","45",921,1096,"kaonga","2009","Kalichero","Zambia","Africa",13.48,-32.45,1001,900,21,"Cwa","Typic kandustalf","Acrisol",640,140,220,"loamy sandy","5",50,"150-200",150,200,175,"Non-coppicing improved fallow: Tephosia candida 2972","fallow",NA,NA,"fallow","Tephrosia candida 2972","shrubland","synchronic",2,6.20515499825844,NA,NA,NA,NA,NA,"natural fallow",11.7672413793103,NA,NA,NA,NA,NA,NA,NA,1,1,-5.56208638105186,-47.2675472675471
"922","43",922,1096,"kaonga","2009","Kalichero","Zambia","Africa",13.48,-32.45,1001,900,21,"Cwa","Typic kandustalf","Acrisol",640,140,220,"loamy sandy","5",5,"0-5",0,5,2.5,"Non-coppicing improved fallow: Tephosia candida 2970","fallow",NA,NA,"fallow","Tephrosia candida 2970","shrubland","synchronic",2,6.89089167537443,NA,NA,NA,NA,NA,"natural fallow",4.37652385928248,NA,NA,NA,NA,NA,NA,NA,1,1,2.51436781609195,57.4512534818941
"923","43",923,1096,"kaonga","2009","Kalichero","Zambia","Africa",13.48,-32.45,1001,900,21,"Cwa","Typic kandustalf","Acrisol",640,140,220,"loamy sandy","5",5,"5-10",5,10,7.5,"Non-coppicing improved fallow: Tephosia candida 2970","fallow",NA,NA,"fallow","Tephrosia candida 2970","shrubland","synchronic",2,8.03378613723441,NA,NA,NA,NA,NA,"natural fallow",4.22413793103448,NA,NA,NA,NA,NA,NA,NA,1,1,3.80964820619993,90.1875901875902
"924","43",924,1096,"kaonga","2009","Kalichero","Zambia","Africa",13.48,-32.45,1001,900,21,"Cwa","Typic kandustalf","Acrisol",640,140,220,"loamy sandy","5",5,"10-15",10,15,12.5,"Non-coppicing improved fallow: Tephosia candida 2970","fallow",NA,NA,"fallow","Tephrosia candida 2970","shrubland","synchronic",2,13.2911006617903,NA,NA,NA,NA,NA,"natural fallow",5.13845350052246,NA,NA,NA,NA,NA,NA,NA,1,1,8.15264716126784,158.659549228944
"925","43",925,1096,"kaonga","2009","Kalichero","Zambia","Africa",13.48,-32.45,1001,900,21,"Cwa","Typic kandustalf","Acrisol",640,140,220,"loamy sandy","5",5,"15-20",15,20,17.5,"Non-coppicing improved fallow: Tephosia candida 2970","fallow",NA,NA,"fallow","Tephrosia candida 2970","shrubland","synchronic",2,5.29083942877046,NA,NA,NA,NA,NA,"natural fallow",5.59561128526645,NA,NA,NA,NA,NA,NA,NA,1,1,-0.30477185649599,-5.44662309368185
"926","43",926,1096,"kaonga","2009","Kalichero","Zambia","Africa",13.48,-32.45,1001,900,21,"Cwa","Typic kandustalf","Acrisol",640,140,220,"loamy sandy","5",5,"20-25",20,25,22.5,"Non-coppicing improved fallow: Tephosia candida 2970","fallow",NA,NA,"fallow","Tephrosia candida 2970","shrubland","synchronic",2,4.22413793103448,NA,NA,NA,NA,NA,"natural fallow",3.1574364332985,NA,NA,NA,NA,NA,NA,NA,1,1,1.06670149773598,33.7837837837838
"927","43",927,1096,"kaonga","2009","Kalichero","Zambia","Africa",13.48,-32.45,1001,900,21,"Cwa","Typic kandustalf","Acrisol",640,140,220,"loamy sandy","5",15,"25-40",25,40,32.5,"Non-coppicing improved fallow: Tephosia candida 2970","fallow",NA,NA,"fallow","Tephrosia candida 2970","shrubland","synchronic",2,5.13845350052246,NA,NA,NA,NA,NA,"natural fallow",9.10048763497039,NA,NA,NA,NA,NA,NA,NA,1,1,-3.96203413444793,-43.536503683858
"928","43",928,1096,"kaonga","2009","Kalichero","Zambia","Africa",13.48,-32.45,1001,900,21,"Cwa","Typic kandustalf","Acrisol",640,140,220,"loamy sandy","5",20,"40-60",40,60,50,"Non-coppicing improved fallow: Tephosia candida 2970","fallow",NA,NA,"fallow","Tephrosia candida 2970","shrubland","synchronic",2,5.74799721351445,NA,NA,NA,NA,NA,"natural fallow",9.48145245559039,NA,NA,NA,NA,NA,NA,NA,1,1,-3.73345524207594,-39.3764063002251
"929","43",929,1096,"kaonga","2009","Kalichero","Zambia","Africa",13.48,-32.45,1001,900,21,"Cwa","Typic kandustalf","Acrisol",640,140,220,"loamy sandy","5",40,"60-100",60,100,80,"Non-coppicing improved fallow: Tephosia candida 2970","fallow",NA,NA,"fallow","Tephrosia candida 2970","shrubland","synchronic",2,10.5481539533263,NA,NA,NA,NA,NA,"natural fallow",10.8529258098223,NA,NA,NA,NA,NA,NA,NA,1,1,-0.304771856496,-2.80819994383607
"930","43",930,1096,"kaonga","2009","Kalichero","Zambia","Africa",13.48,-32.45,1001,900,21,"Cwa","Typic kandustalf","Acrisol",640,140,220,"loamy sandy","5",50,"100-150",100,150,125,"Non-coppicing improved fallow: Tephosia candida 2970","fallow",NA,NA,"fallow","Tephrosia candida 2970","shrubland","synchronic",2,15.1197318007662,NA,NA,NA,NA,NA,"natural fallow",10.7767328456983,NA,NA,NA,NA,NA,NA,NA,1,1,4.3429989550679,40.2997737556562
"931","43",931,1096,"kaonga","2009","Kalichero","Zambia","Africa",13.48,-32.45,1001,900,21,"Cwa","Typic kandustalf","Acrisol",640,140,220,"loamy sandy","5",50,"150-200",150,200,175,"Non-coppicing improved fallow: Tephosia candida 2970","fallow",NA,NA,"fallow","Tephrosia candida 2970","shrubland","synchronic",2,5.90038314176245,NA,NA,NA,NA,NA,"natural fallow",11.7672413793103,NA,NA,NA,NA,NA,NA,NA,1,1,-5.86685823754785,-49.8575498575497
"942","41",942,1096,"kaonga","2009","Kalichero","Zambia","Africa",13.48,-32.45,1001,900,21,"Cwa","Typic kandustalf","Acrisol",640,140,220,"loamy sandy","5",5,"0-5",0,5,2.5,"Non-coppicing improved fallow: Sesbania sesban","fallow",NA,NA,"fallow","Sesbania sesban","shrubland","synchronic",2,9.48145245559039,NA,NA,NA,NA,NA,"natural fallow",4.37652385928248,NA,NA,NA,NA,NA,NA,NA,1,1,5.10492859630791,116.643454038997
"943","41",943,1096,"kaonga","2009","Kalichero","Zambia","Africa",13.48,-32.45,1001,900,21,"Cwa","Typic kandustalf","Acrisol",640,140,220,"loamy sandy","5",5,"5-10",5,10,7.5,"Non-coppicing improved fallow: Sesbania sesban","fallow",NA,NA,"fallow","Sesbania sesban","shrubland","synchronic",2,6.89089167537443,NA,NA,NA,NA,NA,"natural fallow",4.22413793103448,NA,NA,NA,NA,NA,NA,NA,1,1,2.66675374433995,63.1313131313131
"944","41",944,1096,"kaonga","2009","Kalichero","Zambia","Africa",13.48,-32.45,1001,900,21,"Cwa","Typic kandustalf","Acrisol",640,140,220,"loamy sandy","5",5,"10-15",10,15,12.5,"Non-coppicing improved fallow: Sesbania sesban","fallow",NA,NA,"fallow","Sesbania sesban","shrubland","synchronic",2,8.10997910135841,NA,NA,NA,NA,NA,"natural fallow",5.13845350052246,NA,NA,NA,NA,NA,NA,NA,1,1,2.97152560083595,57.8291814946621
"945","41",945,1096,"kaonga","2009","Kalichero","Zambia","Africa",13.48,-32.45,1001,900,21,"Cwa","Typic kandustalf","Acrisol",640,140,220,"loamy sandy","5",5,"15-20",15,20,17.5,"Non-coppicing improved fallow: Sesbania sesban","fallow",NA,NA,"fallow","Sesbania sesban","shrubland","synchronic",2,5.21464646464646,NA,NA,NA,NA,NA,"natural fallow",5.59561128526645,NA,NA,NA,NA,NA,NA,NA,1,1,-0.38096482061999,-6.80827886710236
"946","41",946,1096,"kaonga","2009","Kalichero","Zambia","Africa",13.48,-32.45,1001,900,21,"Cwa","Typic kandustalf","Acrisol",640,140,220,"loamy sandy","5",5,"20-25",20,25,22.5,"Non-coppicing improved fallow: Sesbania sesban","fallow",NA,NA,"fallow","Sesbania sesban","shrubland","synchronic",2,4.07175200278648,NA,NA,NA,NA,NA,"natural fallow",3.1574364332985,NA,NA,NA,NA,NA,NA,NA,1,1,0.914315569487981,28.9575289575289
"947","41",947,1096,"kaonga","2009","Kalichero","Zambia","Africa",13.48,-32.45,1001,900,21,"Cwa","Typic kandustalf","Acrisol",640,140,220,"loamy sandy","5",15,"25-40",25,40,32.5,"Non-coppicing improved fallow: Sesbania sesban","fallow",NA,NA,"fallow","Sesbania sesban","shrubland","synchronic",2,8.9481017067224,NA,NA,NA,NA,NA,"natural fallow",9.10048763497039,NA,NA,NA,NA,NA,NA,NA,1,1,-0.152385928247991,-1.67448091091755
"948","41",948,1096,"kaonga","2009","Kalichero","Zambia","Africa",13.48,-32.45,1001,900,21,"Cwa","Typic kandustalf","Acrisol",640,140,220,"loamy sandy","5",20,"40-60",40,60,50,"Non-coppicing improved fallow: Sesbania sesban","fallow",NA,NA,"fallow","Sesbania sesban","shrubland","synchronic",2,19.5389237199582,NA,NA,NA,NA,NA,"natural fallow",9.48145245559039,NA,NA,NA,NA,NA,NA,NA,1,1,10.0574712643678,106.075216972035
"949","41",949,1096,"kaonga","2009","Kalichero","Zambia","Africa",13.48,-32.45,1001,900,21,"Cwa","Typic kandustalf","Acrisol",640,140,220,"loamy sandy","5",40,"60-100",60,100,80,"Non-coppicing improved fallow: Sesbania sesban","fallow",NA,NA,"fallow","Sesbania sesban","shrubland","synchronic",2,14.5101880877742,NA,NA,NA,NA,NA,"natural fallow",10.8529258098223,NA,NA,NA,NA,NA,NA,NA,1,1,3.6572622779519,33.6983993260319
"950","41",950,1096,"kaonga","2009","Kalichero","Zambia","Africa",13.48,-32.45,1001,900,21,"Cwa","Typic kandustalf","Acrisol",640,140,220,"loamy sandy","5",50,"100-150",100,150,125,"Non-coppicing improved fallow: Sesbania sesban","fallow",NA,NA,"fallow","Sesbania sesban","shrubland","synchronic",2,11.8434343434343,NA,NA,NA,NA,NA,"natural fallow",10.7767328456983,NA,NA,NA,NA,NA,NA,NA,1,1,1.066701497736,9.89819004524911
"951","41",951,1096,"kaonga","2009","Kalichero","Zambia","Africa",13.48,-32.45,1001,900,21,"Cwa","Typic kandustalf","Acrisol",640,140,220,"loamy sandy","5",50,"150-200",150,200,175,"Non-coppicing improved fallow: Sesbania sesban","fallow",NA,NA,"fallow","Sesbania sesban","shrubland","synchronic",2,8.4909439219784,NA,NA,NA,NA,NA,"natural fallow",11.7672413793103,NA,NA,NA,NA,NA,NA,NA,1,1,-3.2762974573319,-27.8425278425276
"962","47",962,1096,"kaonga","2009","Kalichero","Zambia","Africa",13.48,-32.45,1001,900,21,"Cwa","Typic kandustalf","Acrisol",640,140,220,"loamy sandy","5",5,"0-5",0,5,2.5,"Non-coppicing improved fallow: Tephrosia vogelli Misamfu","fallow",NA,NA,"fallow","Tephrosia vogelli Misamfu","shrubland","synchronic",2,4.90987460815047,NA,NA,NA,NA,NA,"natural fallow",4.37652385928248,NA,NA,NA,NA,NA,NA,NA,1,1,0.53335074886799,12.1866295264624
"963","47",963,1096,"kaonga","2009","Kalichero","Zambia","Africa",13.48,-32.45,1001,900,21,"Cwa","Typic kandustalf","Acrisol",640,140,220,"loamy sandy","5",5,"5-10",5,10,7.5,"Non-coppicing improved fallow: Tephrosia vogelli Misamfu","fallow",NA,NA,"fallow","Tephrosia vogelli Misamfu","shrubland","synchronic",2,4.14794496691048,NA,NA,NA,NA,NA,"natural fallow",4.22413793103448,NA,NA,NA,NA,NA,NA,NA,1,1,-0.076192964124,-1.80375180375184
"964","47",964,1096,"kaonga","2009","Kalichero","Zambia","Africa",13.48,-32.45,1001,900,21,"Cwa","Typic kandustalf","Acrisol",640,140,220,"loamy sandy","5",5,"10-15",10,15,12.5,"Non-coppicing improved fallow: Tephrosia vogelli Misamfu","fallow",NA,NA,"fallow","Tephrosia vogelli Misamfu","shrubland","synchronic",2,5.67180424939045,NA,NA,NA,NA,NA,"natural fallow",5.13845350052246,NA,NA,NA,NA,NA,NA,NA,1,1,0.53335074886799,10.3795966785291
"965","47",965,1096,"kaonga","2009","Kalichero","Zambia","Africa",13.48,-32.45,1001,900,21,"Cwa","Typic kandustalf","Acrisol",640,140,220,"loamy sandy","5",5,"15-20",15,20,17.5,"Non-coppicing improved fallow: Tephrosia vogelli Misamfu","fallow",NA,NA,"fallow","Tephrosia vogelli Misamfu","shrubland","synchronic",2,2.8526645768025,NA,NA,NA,NA,NA,"natural fallow",5.59561128526645,NA,NA,NA,NA,NA,NA,NA,1,1,-2.74294670846395,-49.0196078431373
"966","47",966,1096,"kaonga","2009","Kalichero","Zambia","Africa",13.48,-32.45,1001,900,21,"Cwa","Typic kandustalf","Acrisol",640,140,220,"loamy sandy","5",5,"20-25",20,25,22.5,"Non-coppicing improved fallow: Tephrosia vogelli Misamfu","fallow",NA,NA,"fallow","Tephrosia vogelli Misamfu","shrubland","synchronic",2,5.36703239289446,NA,NA,NA,NA,NA,"natural fallow",3.1574364332985,NA,NA,NA,NA,NA,NA,NA,1,1,2.20959595959596,69.980694980695
"967","47",967,1096,"kaonga","2009","Kalichero","Zambia","Africa",13.48,-32.45,1001,900,21,"Cwa","Typic kandustalf","Acrisol",640,140,220,"loamy sandy","5",15,"25-40",25,40,32.5,"Non-coppicing improved fallow: Tephrosia vogelli Misamfu","fallow",NA,NA,"fallow","Tephrosia vogelli Misamfu","shrubland","synchronic",2,18.0150644374782,NA,NA,NA,NA,NA,"natural fallow",9.10048763497039,NA,NA,NA,NA,NA,NA,NA,1,1,8.91457680250781,97.9571332886802
"968","47",968,1096,"kaonga","2009","Kalichero","Zambia","Africa",13.48,-32.45,1001,900,21,"Cwa","Typic kandustalf","Acrisol",640,140,220,"loamy sandy","5",20,"40-60",40,60,50,"Non-coppicing improved fallow: Tephrosia vogelli Misamfu","fallow",NA,NA,"fallow","Tephrosia vogelli Misamfu","shrubland","synchronic",2,14.0530303030303,NA,NA,NA,NA,NA,"natural fallow",9.48145245559039,NA,NA,NA,NA,NA,NA,NA,1,1,4.57157784743991,48.2160077145612
"969","47",969,1096,"kaonga","2009","Kalichero","Zambia","Africa",13.48,-32.45,1001,900,21,"Cwa","Typic kandustalf","Acrisol",640,140,220,"loamy sandy","5",40,"60-100",60,100,80,"Non-coppicing improved fallow: Tephrosia vogelli Misamfu","fallow",NA,NA,"fallow","Tephrosia vogelli Misamfu","shrubland","synchronic",2,24.9486241727621,NA,NA,NA,NA,NA,"natural fallow",10.8529258098223,NA,NA,NA,NA,NA,NA,NA,1,1,14.0956983629398,129.879247402416
"970","47",970,1096,"kaonga","2009","Kalichero","Zambia","Africa",13.48,-32.45,1001,900,21,"Cwa","Typic kandustalf","Acrisol",640,140,220,"loamy sandy","5",50,"100-150",100,150,125,"Non-coppicing improved fallow: Tephrosia vogelli Misamfu","fallow",NA,NA,"fallow","Tephrosia vogelli Misamfu","shrubland","synchronic",2,14.9673458725182,NA,NA,NA,NA,NA,"natural fallow",10.7767328456983,NA,NA,NA,NA,NA,NA,NA,1,1,4.1906130268199,38.8857466063349
"971","47",971,1096,"kaonga","2009","Kalichero","Zambia","Africa",13.48,-32.45,1001,900,21,"Cwa","Typic kandustalf","Acrisol",640,140,220,"loamy sandy","5",50,"150-200",150,200,175,"Non-coppicing improved fallow: Tephrosia vogelli Misamfu","fallow",NA,NA,"fallow","Tephrosia vogelli Misamfu","shrubland","synchronic",2,33.5584291187739,NA,NA,NA,NA,NA,"natural fallow",11.7672413793103,NA,NA,NA,NA,NA,NA,NA,1,1,21.7911877394636,185.185185185186
"972","45",972,1096,"kaonga","2009","Kalunga","Zambia","Africa",13.85,-32.55,1101,900,20.5,"Cwa","Aridic kandiustaf","Acrisol",850,70,80,"sandy","4.8",5,"0-5",0,5,2.5,"Non-coppicing improved fallow: Tephosia candida 2972","multistrata",NA,NA,"maize","Tephrosia candida 2972","cropland","synchronic",2,2.29783176029668,NA,NA,NA,NA,NA,"natural fallow",2.17366324588426,NA,NA,NA,NA,NA,NA,NA,1,1,0.12416851441242,5.71240805803418
"973","45",973,1096,"kaonga","2009","Kalunga","Zambia","Africa",13.85,-32.55,1101,900,20.5,"Cwa","Aridic kandiustaf","Acrisol",850,70,80,"sandy","4.8",5,"5-10",5,10,7.5,"Non-coppicing improved fallow: Tephosia candida 2972","multistrata",NA,NA,"maize","Tephrosia candida 2972","cropland","synchronic",2,1.61578400015697,NA,NA,NA,NA,NA,"natural fallow",1.46051841532091,NA,NA,NA,NA,NA,NA,NA,1,1,0.15526558483606,10.6308543053834
"974","45",974,1096,"kaonga","2009","Kalunga","Zambia","Africa",13.85,-32.55,1101,900,20.5,"Cwa","Aridic kandiustaf","Acrisol",850,70,80,"sandy","4.8",5,"10-15",10,15,12.5,"Non-coppicing improved fallow: Tephosia candida 2972","multistrata",NA,NA,"maize","Tephrosia candida 2972","cropland","synchronic",2,1.55441398661774,NA,NA,NA,NA,NA,"natural fallow",1.39914840178168,NA,NA,NA,NA,NA,NA,NA,1,1,0.15526558483606,11.0971491400301
"975","45",975,1096,"kaonga","2009","Kalunga","Zambia","Africa",13.85,-32.55,1101,900,20.5,"Cwa","Aridic kandiustaf","Acrisol",850,70,80,"sandy","4.8",5,"15-20",15,20,17.5,"Non-coppicing improved fallow: Tephosia candida 2972","multistrata",NA,NA,"maize","Tephrosia candida 2972","cropland","synchronic",2,1.08955124305868,NA,NA,NA,NA,NA,"natural fallow",1.05850911445558,NA,NA,NA,NA,NA,NA,NA,1,1,0.0310421286031,2.93262742655417
"976","45",976,1096,"kaonga","2009","Kalunga","Zambia","Africa",13.85,-32.55,1101,900,20.5,"Cwa","Aridic kandiustaf","Acrisol",850,70,80,"sandy","4.8",5,"20-25",20,25,22.5,"Non-coppicing improved fallow: Tephosia candida 2972","multistrata",NA,NA,"maize","Tephrosia candida 2972","cropland","synchronic",2,0.686827698526381,NA,NA,NA,NA,NA,"natural fallow",1.55595235759276,NA,NA,NA,NA,NA,NA,NA,1,1,-0.869124659066379,-55.8580508474576
"977","45",977,1096,"kaonga","2009","Kalunga","Zambia","Africa",13.85,-32.55,1101,900,20.5,"Cwa","Aridic kandiustaf","Acrisol",850,70,80,"sandy","4.8",15,"25-40",25,40,32.5,"Non-coppicing improved fallow: Tephosia candida 2972","multistrata",NA,NA,"maize","Tephrosia candida 2972","cropland","synchronic",2,2.8,NA,NA,NA,NA,NA,"natural fallow",6.0283264329023,NA,NA,NA,NA,NA,NA,NA,1,1,-3.2283264329023,-53.5526147901059
"978","45",978,1096,"kaonga","2009","Kalunga","Zambia","Africa",13.85,-32.55,1101,900,20.5,"Cwa","Aridic kandiustaf","Acrisol",850,70,80,"sandy","4.8",20,"40-60",40,60,50,"Non-coppicing improved fallow: Tephosia candida 2972","multistrata",NA,NA,"maize","Tephrosia candida 2972","cropland","synchronic",2,2.58578184172831,NA,NA,NA,NA,NA,"natural fallow",4.26205678629594,NA,NA,NA,NA,NA,NA,NA,1,1,-1.67627494456763,-39.3301879495708
"979","45",979,1096,"kaonga","2009","Kalunga","Zambia","Africa",13.85,-32.55,1101,900,20.5,"Cwa","Aridic kandiustaf","Acrisol",850,70,80,"sandy","4.8",40,"60-100",60,100,80,"Non-coppicing improved fallow: Tephosia candida 2972","multistrata",NA,NA,"maize","Tephrosia candida 2972","cropland","synchronic",2,3.33700135392343,NA,NA,NA,NA,NA,"natural fallow",1.72281066656201,NA,NA,NA,NA,NA,NA,NA,1,1,1.61419068736142,93.695187677393
"980","45",980,1096,"kaonga","2009","Kalunga","Zambia","Africa",13.85,-32.55,1101,900,20.5,"Cwa","Aridic kandiustaf","Acrisol",850,70,80,"sandy","4.8",50,"100-150",100,150,125,"Non-coppicing improved fallow: Tephosia candida 2972","multistrata",NA,NA,"maize","Tephrosia candida 2972","cropland","synchronic",2,3.40683240782528,NA,NA,NA,NA,NA,"natural fallow",3.62412730804701,NA,NA,NA,NA,NA,NA,NA,1,1,-0.21729490022173,-5.99578551612271
"981","45",981,1096,"kaonga","2009","Kalunga","Zambia","Africa",13.85,-32.55,1101,900,20.5,"Cwa","Aridic kandiustaf","Acrisol",850,70,80,"sandy","4.8",50,"150-200",150,200,175,"Non-coppicing improved fallow: Tephosia candida 2972","multistrata",NA,NA,"maize","Tephrosia candida 2972","cropland","synchronic",2,3.56984478935698,NA,NA,NA,NA,NA,"natural fallow",8.19512195121951,NA,NA,NA,NA,NA,NA,NA,1,1,-4.62527716186253,-56.439393939394
"982","43",982,1096,"kaonga","2009","Kalunga","Zambia","Africa",13.85,-32.55,1101,900,20.5,"Cwa","Aridic kandiustaf","Acrisol",850,70,80,"sandy","4.8",5,"0-5",0,5,2.5,"Non-coppicing improved fallow: Tephosia candida 2970","multistrata",NA,NA,"maize","Tephrosia candida 2970","cropland","synchronic",2,2.42205521652963,NA,NA,NA,NA,NA,"natural fallow",2.17366324588426,NA,NA,NA,NA,NA,NA,NA,1,1,0.24839197064537,11.4273437302531
"983","43",983,1096,"kaonga","2009","Kalunga","Zambia","Africa",13.85,-32.55,1101,900,20.5,"Cwa","Aridic kandiustaf","Acrisol",850,70,80,"sandy","4.8",5,"5-10",5,10,7.5,"Non-coppicing improved fallow: Tephosia candida 2970","multistrata",NA,NA,"maize","Tephrosia candida 2970","cropland","synchronic",2,1.70891038596628,NA,NA,NA,NA,NA,"natural fallow",1.46051841532091,NA,NA,NA,NA,NA,NA,NA,1,1,0.24839197064537,17.0071098070196
"984","43",984,1096,"kaonga","2009","Kalunga","Zambia","Africa",13.85,-32.55,1101,900,20.5,"Cwa","Aridic kandiustaf","Acrisol",850,70,80,"sandy","4.8",5,"10-15",10,15,12.5,"Non-coppicing improved fallow: Tephosia candida 2970","multistrata",NA,NA,"maize","Tephrosia candida 2970","cropland","synchronic",2,1.92686458803445,NA,NA,NA,NA,NA,"natural fallow",1.39914840178168,NA,NA,NA,NA,NA,NA,NA,1,1,0.52771618625277,37.716955941255
"985","43",985,1096,"kaonga","2009","Kalunga","Zambia","Africa",13.85,-32.55,1101,900,20.5,"Cwa","Aridic kandiustaf","Acrisol",850,70,80,"sandy","4.8",5,"15-20",15,20,17.5,"Non-coppicing improved fallow: Tephosia candida 2970","multistrata",NA,NA,"maize","Tephrosia candida 2970","cropland","synchronic",2,1.02752192767301,NA,NA,NA,NA,NA,"natural fallow",1.05850911445558,NA,NA,NA,NA,NA,NA,NA,1,1,-0.03098718678257,-2.92743693553432
"986","43",986,1096,"kaonga","2009","Kalunga","Zambia","Africa",13.85,-32.55,1101,900,20.5,"Cwa","Aridic kandiustaf","Acrisol",850,70,80,"sandy","4.8",5,"20-25",20,25,22.5,"Non-coppicing improved fallow: Tephosia candida 2970","multistrata",NA,NA,"maize","Tephrosia candida 2970","cropland","synchronic",2,0.841983399721366,NA,NA,NA,NA,NA,"natural fallow",1.55595235759276,NA,NA,NA,NA,NA,NA,NA,1,1,-0.713968957871394,-45.8862994350282
"987","43",987,1096,"kaonga","2009","Kalunga","Zambia","Africa",13.85,-32.55,1101,900,20.5,"Cwa","Aridic kandiustaf","Acrisol",850,70,80,"sandy","4.8",15,"25-40",25,40,32.5,"Non-coppicing improved fallow: Tephosia candida 2970","multistrata",NA,NA,"maize","Tephrosia candida 2970","cropland","synchronic",2,2.95526558483605,NA,NA,NA,NA,NA,"natural fallow",6.0283264329023,NA,NA,NA,NA,NA,NA,NA,1,1,-3.07306084806625,-50.9770146369918
"988","43",988,1096,"kaonga","2009","Kalunga","Zambia","Africa",13.85,-32.55,1101,900,20.5,"Cwa","Aridic kandiustaf","Acrisol",850,70,80,"sandy","4.8",20,"40-60",40,60,50,"Non-coppicing improved fallow: Tephosia candida 2970","multistrata",NA,NA,"maize","Tephrosia candida 2970","cropland","synchronic",2,0.599085611129643,NA,NA,NA,NA,NA,"natural fallow",4.26205678629594,NA,NA,NA,NA,NA,NA,NA,1,1,-3.6629711751663,-85.9437440379509
"989","43",989,1096,"kaonga","2009","Kalunga","Zambia","Africa",13.85,-32.55,1101,900,20.5,"Cwa","Aridic kandiustaf","Acrisol",850,70,80,"sandy","4.8",40,"60-100",60,100,80,"Non-coppicing improved fallow: Tephosia candida 2970","multistrata",NA,NA,"maize","Tephrosia candida 2970","cropland","synchronic",2,8.48999470203873,NA,NA,NA,NA,NA,"natural fallow",1.72281066656201,NA,NA,NA,NA,NA,NA,NA,1,1,6.76718403547672,392.799056032147
"990","43",990,1096,"kaonga","2009","Kalunga","Zambia","Africa",13.85,-32.55,1101,900,20.5,"Cwa","Aridic kandiustaf","Acrisol",850,70,80,"sandy","4.8",50,"100-150",100,150,125,"Non-coppicing improved fallow: Tephosia candida 2970","multistrata",NA,NA,"maize","Tephrosia candida 2970","cropland","synchronic",2,0.799293605164531,NA,NA,NA,NA,NA,"natural fallow",3.62412730804701,NA,NA,NA,NA,NA,NA,NA,1,1,-2.82483370288248,-77.9452117095947
"991","43",991,1096,"kaonga","2009","Kalunga","Zambia","Africa",13.85,-32.55,1101,900,20.5,"Cwa","Aridic kandiustaf","Acrisol",850,70,80,"sandy","4.8",50,"150-200",150,200,175,"Non-coppicing improved fallow: Tephosia candida 2970","multistrata",NA,NA,"maize","Tephrosia candida 2970","cropland","synchronic",2,0.310366344210505,NA,NA,NA,NA,NA,"natural fallow",8.19512195121951,NA,NA,NA,NA,NA,NA,NA,1,1,-7.88475560700901,-96.2127916331456
"1002","47",1002,1096,"kaonga","2009","Kalunga","Zambia","Africa",13.85,-32.55,1101,900,20.5,"Cwa","Aridic kandiustaf","Acrisol",850,70,80,"sandy","4.8",5,"0-5",0,5,2.5,"Non-coppicing improved fallow: Tephrosia vogelli Misamfu","multistrata",NA,NA,"maize","Tephrosia vogelli Misamfu","cropland","synchronic",2,2.1426760591017,NA,NA,NA,NA,NA,"natural fallow",2.17366324588426,NA,NA,NA,NA,NA,NA,NA,1,1,-0.0309871867825602,-1.42557440032319
"1003","47",1003,1096,"kaonga","2009","Kalunga","Zambia","Africa",13.85,-32.55,1101,900,20.5,"Cwa","Aridic kandiustaf","Acrisol",850,70,80,"sandy","4.8",5,"5-10",5,10,7.5,"Non-coppicing improved fallow: Tephrosia vogelli Misamfu","multistrata",NA,NA,"maize","Tephrosia vogelli Misamfu","cropland","synchronic",2,2.26761375900162,NA,NA,NA,NA,NA,"natural fallow",1.46051841532091,NA,NA,NA,NA,NA,NA,NA,1,1,0.80709534368071,55.2608810141824
"1004","47",1004,1096,"kaonga","2009","Kalunga","Zambia","Africa",13.85,-32.55,1101,900,20.5,"Cwa","Aridic kandiustaf","Acrisol",850,70,80,"sandy","4.8",5,"10-15",10,15,12.5,"Non-coppicing improved fallow: Tephrosia vogelli Misamfu","multistrata",NA,NA,"maize","Tephrosia vogelli Misamfu","cropland","synchronic",2,1.9890037870612,NA,NA,NA,NA,NA,"natural fallow",1.39914840178168,NA,NA,NA,NA,NA,NA,NA,1,1,0.58985538527952,42.1581716798873
"1005","47",1005,1096,"kaonga","2009","Kalunga","Zambia","Africa",13.85,-32.55,1101,900,20.5,"Cwa","Aridic kandiustaf","Acrisol",850,70,80,"sandy","4.8",5,"15-20",15,20,17.5,"Non-coppicing improved fallow: Tephrosia vogelli Misamfu","multistrata",NA,NA,"maize","Tephrosia vogelli Misamfu","cropland","synchronic",2,1.39997252908973,NA,NA,NA,NA,NA,"natural fallow",1.05850911445558,NA,NA,NA,NA,NA,NA,NA,1,1,0.34146341463415,32.2589016921006
"1006","47",1006,1096,"kaonga","2009","Kalunga","Zambia","Africa",13.85,-32.55,1101,900,20.5,"Cwa","Aridic kandiustaf","Acrisol",850,70,80,"sandy","4.8",5,"20-25",20,25,22.5,"Non-coppicing improved fallow: Tephrosia vogelli Misamfu","multistrata",NA,NA,"maize","Tephrosia vogelli Misamfu","cropland","synchronic",2,0.717869827129486,NA,NA,NA,NA,NA,"natural fallow",1.55595235759276,NA,NA,NA,NA,NA,NA,NA,1,1,-0.838082530463274,-53.8629943502824
"1007","47",1007,1096,"kaonga","2009","Kalunga","Zambia","Africa",13.85,-32.55,1101,900,20.5,"Cwa","Aridic kandiustaf","Acrisol",850,70,80,"sandy","4.8",15,"25-40",25,40,32.5,"Non-coppicing improved fallow: Tephrosia vogelli Misamfu","multistrata",NA,NA,"maize","Tephrosia vogelli Misamfu","cropland","synchronic",2,1.83763907148323,NA,NA,NA,NA,NA,"natural fallow",6.0283264329023,NA,NA,NA,NA,NA,NA,NA,1,1,-4.19068736141907,-69.5165964893094
"1008","47",1008,1096,"kaonga","2009","Kalunga","Zambia","Africa",13.85,-32.55,1101,900,20.5,"Cwa","Aridic kandiustaf","Acrisol",850,70,80,"sandy","4.8",20,"40-60",40,60,50,"Non-coppicing improved fallow: Tephrosia vogelli Misamfu","multistrata",NA,NA,"maize","Tephrosia vogelli Misamfu","cropland","synchronic",2,3.67225634283696,NA,NA,NA,NA,NA,"natural fallow",4.26205678629594,NA,NA,NA,NA,NA,NA,NA,1,1,-0.58980044345898,-13.8383994637378
"1009","47",1009,1096,"kaonga","2009","Kalunga","Zambia","Africa",13.85,-32.55,1101,900,20.5,"Cwa","Aridic kandiustaf","Acrisol",850,70,80,"sandy","4.8",40,"60-100",60,100,80,"Non-coppicing improved fallow: Tephrosia vogelli Misamfu","multistrata",NA,NA,"maize","Tephrosia vogelli Misamfu","cropland","synchronic",2,2.62303239605203,NA,NA,NA,NA,NA,"natural fallow",1.72281066656201,NA,NA,NA,NA,NA,NA,NA,1,1,0.90022172949002,52.253085435469
"1010","47",1010,1096,"kaonga","2009","Kalunga","Zambia","Africa",13.85,-32.55,1101,900,20.5,"Cwa","Aridic kandiustaf","Acrisol",850,70,80,"sandy","4.8",50,"100-150",100,150,125,"Non-coppicing improved fallow: Tephrosia vogelli Misamfu","multistrata",NA,NA,"maize","Tephrosia vogelli Misamfu","cropland","synchronic",2,5.95234189510036,NA,NA,NA,NA,NA,"natural fallow",3.62412730804701,NA,NA,NA,NA,NA,NA,NA,1,1,2.32821458705335,64.2420751027091
"1011","47",1011,1096,"kaonga","2009","Kalunga","Zambia","Africa",13.85,-32.55,1101,900,20.5,"Cwa","Aridic kandiustaf","Acrisol",850,70,80,"sandy","4.8",50,"150-200",150,200,175,"Non-coppicing improved fallow: Tephrosia vogelli Misamfu","multistrata",NA,NA,"maize","Tephrosia vogelli Misamfu","cropland","synchronic",2,0.0931263858093127,NA,NA,NA,NA,NA,"natural fallow",8.19512195121951,NA,NA,NA,NA,NA,NA,NA,1,1,-8.1019955654102,-98.8636363636364
"1012","41",1012,1096,"kaonga","2009","Kalunga","Zambia","Africa",13.85,-32.55,1101,900,20.5,"Cwa","Aridic kandiustaf","Acrisol",850,70,80,"sandy","4.8",5,"0-5",0,5,2.5,"Non-coppicing improved fallow: Sesbania sesban","multistrata",NA,NA,"maize","Sesbania sesban","cropland","synchronic",2,2.57726585954516,NA,NA,NA,NA,NA,"natural fallow",2.17366324588426,NA,NA,NA,NA,NA,NA,NA,1,1,0.4036026136609,18.567853802796
"1013","41",1013,1096,"kaonga","2009","Kalunga","Zambia","Africa",13.85,-32.55,1101,900,20.5,"Cwa","Aridic kandiustaf","Acrisol",850,70,80,"sandy","4.8",5,"5-10",5,10,7.5,"Non-coppicing improved fallow: Sesbania sesban","multistrata",NA,NA,"maize","Sesbania sesban","cropland","synchronic",2,1.83302395855817,NA,NA,NA,NA,NA,"natural fallow",1.46051841532091,NA,NA,NA,NA,NA,NA,NA,1,1,0.37250554323726,25.5050220065463
"1014","41",1014,1096,"kaonga","2009","Kalunga","Zambia","Africa",13.85,-32.55,1101,900,20.5,"Cwa","Aridic kandiustaf","Acrisol",850,70,80,"sandy","4.8",5,"10-15",10,15,12.5,"Non-coppicing improved fallow: Sesbania sesban","multistrata",NA,NA,"maize","Sesbania sesban","cropland","synchronic",2,2.11317230147361,NA,NA,NA,NA,NA,"natural fallow",1.39914840178168,NA,NA,NA,NA,NA,NA,NA,1,1,0.71402389969193,51.0327495484174
"1015","41",1015,1096,"kaonga","2009","Kalunga","Zambia","Africa",13.85,-32.55,1101,900,20.5,"Cwa","Aridic kandiustaf","Acrisol",850,70,80,"sandy","4.8",5,"15-20",15,20,17.5,"Non-coppicing improved fallow: Sesbania sesban","multistrata",NA,NA,"maize","Sesbania sesban","cropland","synchronic",2,1.05856405627612,NA,NA,NA,NA,NA,"natural fallow",1.05850911445558,NA,NA,NA,NA,NA,NA,NA,1,1,5.49418205399999e-05,0.00519049102078426
"1016","41",1016,1096,"kaonga","2009","Kalunga","Zambia","Africa",13.85,-32.55,1101,900,20.5,"Cwa","Aridic kandiustaf","Acrisol",850,70,80,"sandy","4.8",5,"20-25",20,25,22.5,"Non-coppicing improved fallow: Sesbania sesban","multistrata",NA,NA,"maize","Sesbania sesban","cropland","synchronic",2,1.80428938641759,NA,NA,NA,NA,NA,"natural fallow",1.55595235759276,NA,NA,NA,NA,NA,NA,NA,1,1,0.24833702882483,15.9604519774009
"1017","41",1017,1096,"kaonga","2009","Kalunga","Zambia","Africa",13.85,-32.55,1101,900,20.5,"Cwa","Aridic kandiustaf","Acrisol",850,70,80,"sandy","4.8",15,"25-40",25,40,32.5,"Non-coppicing improved fallow: Sesbania sesban","multistrata",NA,NA,"maize","Sesbania sesban","cropland","synchronic",2,4.87982261640798,NA,NA,NA,NA,NA,"natural fallow",6.0283264329023,NA,NA,NA,NA,NA,NA,NA,1,1,-1.14850381649432,-19.0517854213376
"1018","41",1018,1096,"kaonga","2009","Kalunga","Zambia","Africa",13.85,-32.55,1101,900,20.5,"Cwa","Aridic kandiustaf","Acrisol",850,70,80,"sandy","4.8",20,"40-60",40,60,50,"Non-coppicing improved fallow: Sesbania sesban","multistrata",NA,NA,"maize","Sesbania sesban","cropland","synchronic",2,8.11128073308086,NA,NA,NA,NA,NA,"natural fallow",4.26205678629594,NA,NA,NA,NA,NA,NA,NA,1,1,3.84922394678492,90.3137649212365
"1019","41",1019,1096,"kaonga","2009","Kalunga","Zambia","Africa",13.85,-32.55,1101,900,20.5,"Cwa","Aridic kandiustaf","Acrisol",850,70,80,"sandy","4.8",40,"60-100",60,100,80,"Non-coppicing improved fallow: Sesbania sesban","multistrata",NA,NA,"maize","Sesbania sesban","cropland","synchronic",2,3.39914055295018,NA,NA,NA,NA,NA,"natural fallow",1.72281066656201,NA,NA,NA,NA,NA,NA,NA,1,1,1.67632988638817,97.3020378224964
"1020","41",1020,1096,"kaonga","2009","Kalunga","Zambia","Africa",13.85,-32.55,1101,900,20.5,"Cwa","Aridic kandiustaf","Acrisol",850,70,80,"sandy","4.8",50,"100-150",100,150,125,"Non-coppicing improved fallow: Sesbania sesban","multistrata",NA,NA,"maize","Sesbania sesban","cropland","synchronic",2,6.60422659576555,NA,NA,NA,NA,NA,"natural fallow",3.62412730804701,NA,NA,NA,NA,NA,NA,NA,1,1,2.98009928771854,82.2294316510772
"1021","41",1021,1096,"kaonga","2009","Kalunga","Zambia","Africa",13.85,-32.55,1101,900,20.5,"Cwa","Aridic kandiustaf","Acrisol",850,70,80,"sandy","4.8",50,"150-200",150,200,175,"Non-coppicing improved fallow: Sesbania sesban","multistrata",NA,NA,"maize","Sesbania sesban","cropland","synchronic",2,1.05543237250554,NA,NA,NA,NA,NA,"natural fallow",8.19512195121951,NA,NA,NA,NA,NA,NA,NA,1,1,-7.13968957871397,-87.1212121212122
